Section,Refs,Qty,Value,Description,Manufacturer,MPN,LCSC,Footprint,Unit USD,Ext USD,Note
Core board (base),"C1,C2",2,22uF 25V,Input bulk,Murata,GRM31CR61E226KE15L,,C_1206_3216Metric,0.06,0.12,
Core board (base),"C3,C7",2,1uF,"CH224K VDD decoupling,MCU decoupling",Murata,GRM188R61E105KA12D,,C_0603_1608Metric,0.006,0.012,
Core board (base),C4,1,10uF,LDO input,Samsung,CL21A106KAYNNNE,,C_0805_2012Metric,0.02,0.02,
Core board (base),C5,1,22uF,LDO output,Samsung,CL21A226MAQNNNE,,C_0805_2012Metric,0.02,0.02,
Core board (base),"C6,C8,C9",3,100nF,MCU decoupling,Murata,GRM188R71H104KA93D,,C_0603_1608Metric,0.004,0.012,
Core board (base),"C10,C11,C12,C13",4,10uF 25V,Boost input,Samsung,CL21A106KAYNNNE,,C_0805_2012Metric,0.02,0.08,
Core board (base),"C14,C15,C16,C17",4,1uF 50V,Boost output,Murata,GRM31MR71H105KA88L,,C_1206_3216Metric,0.04,0.16,
Core board (base),"C18,C19,C20,C21",4,220nF,Loop compensation,Murata,GRM188R71E224KA88D,,C_0603_1608Metric,0.006,0.024,
Core board (base),D1,1,SMAJ15CA,"TVS 15 V standoff, bidirectional, 400 W",Littelfuse,SMAJ15CA,,D_SMA,0.05,0.05,
Core board (base),D2,1,WHITE,0603 white - glow under touch glass,Lite-On,LTW-C191TS5,,LED_0603_1608Metric,0.03,0.03,
Core board (base),"D3,D4,D5,D6",4,MBRA160,Schottky 60 V 1 A,onsemi,MBRA160T3G,,D_SMA,0.06,0.24,
Core board (base),F1,1,1.5A,"PTC resettable fuse 1.5 A hold, 24 V",Bourns,MF-MSMF150/24X-2,,Fuse_1812_4532Metric,0.1,0.1,
Core board (base),J1,1,USB-C 16P,"USB Type-C receptacle, 16P, SMD + THT shell",Korean Hroparts,TYPE-C-31-M-12,C165948,USB_C_Receptacle_HRO_TYPE-C-31-M-12,0.12,0.12,
Core board (base),J2,1,TO HALO,PH 2.0 mm 10-pin side-entry SMD,JST,S10B-PH-SM4-TB,,JST_PH_S10B-PH-SM4-TB_1x10-1MP_P2.00mm_Horizontal,0.25,0.25,
Core board (base),J3,1,UPDI,UPDI programming header,-,DNP (pogo pads),,PinHeader_1x03_P2.54mm_Vertical,0.0,0.0,DNP
Core board (base),"L1,L2,L3,L4",4,10uH,"10 uH shielded, Isat 1.6 A",Bourns,SRN4018-100M,,L_Bourns-SRN4018,0.12,0.48,
Core board (base),"R1,R7,R8,R9,R10",5,1k,"CH224K VDD feed,PTC series resistor",Yageo,RC0603FR-071KL,,R_0603_1608Metric,0.002,0.01,
Core board (base),R2,1,6.8k,CFG1: 6.8k = 9 V request,Yageo,RC0603FR-076K8L,,R_0603_1608Metric,0.002,0.002,
Core board (base),"R3,R6",2,10k,"NTC pull-up,PG pull-up",Yageo,RC0603FR-0710KL,,R_0603_1608Metric,0.002,0.004,
Core board (base),"R4,R12,R13",3,100k,"Keeps drivers off during reset,VIN sense divider top",Yageo,RC0603FR-07100KL,,R_0603_1608Metric,0.002,0.006,
Core board (base),R5,1,15k,VIN sense divider bottom,Yageo,RC0603FR-0715KL,,R_0603_1608Metric,0.002,0.002,
Core board (base),R11,1,470,Status LED,Yageo,RC0603FR-07470RL,,R_0603_1608Metric,0.002,0.002,
Core board (base),"R14,R15,R16,R17",4,2.0,Sense: 200 mV / 2.0 R = 100 mA,Yageo,RC0805FR-072RL,,R_0805_2012Metric,0.004,0.016,
Core board (base),U1,1,CH224K,"USB PD/QC sink trigger, resistor-configured output voltage",WCH,CH224K,C970725,SSOP-10-1EP_3.9x4.9mm_P1mm_EP2.1x3.3mm,0.35,0.35,
Core board (base),U2,1,AMS1117-3.3,LDO 3.3 V 1 A,Advanced Monolithic Systems,AMS1117-3.3,C6186,SOT-223-3_TabPin2,0.05,0.05,
Core board (base),U3,1,ATtiny1616-S,"AVR 16 kB, PTC touch, 20 MHz",Microchip,ATTINY1616-SNR,,SOIC-20W_7.5x12.8mm_P1.27mm,0.85,0.85,
Core board (base),"U4,U5,U6,U7",4,TPS61165,"38 V boost white-LED driver, 1.2 A switch",Texas Instruments,TPS61165DBVR,,SOT-23-6,0.55,2.2,
Halo ring board,"D1,D3,D5,D7,D9,D11,D13,D15,D17,D19,D22,D24,D26,D28,D30,D32,D34,D36,D38,D40",20,2700K,"3030 mid-power LED, CRI90",Luminus,MP-3030-1100-27-90,,LED_Luminus_MP-3030-1100_3.0x3.0mm,0.12,2.4,
Halo ring board,"D2,D4,D6,D8,D10,D12,D14,D16,D18,D20,D21,D23,D25,D27,D29,D31,D33,D35,D37,D39",20,6500K,"3030 mid-power LED, CRI90",Luminus,MP-3030-1100-65-90,,LED_Luminus_MP-3030-1100_3.0x3.0mm,0.12,2.4,
Halo ring board,J1,1,TO CORE,PH 2.0 mm 10-pin side-entry SMD,JST,S10B-PH-SM4-TB,,JST_PH_S10B-PH-SM4-TB_1x10-1MP_P2.00mm_Horizontal,0.25,0.25,
Halo ring board,TH1,1,10k B3380,"NTC 10k 1% B=3380, 0603",Murata,NCP18XH103F03RB,,R_0603_1608Metric,0.03,0.03,
Bare PCBs,PCB1,1,,"Core PCB, D124 + USB tab, 2L 1.6 mm FR4, 1 oz, matte black, ENIG",PCB fab (e.g. JLCPCB),eclipse-core,,,1.2,1.2,gerbers via KiCad
Bare PCBs,PCB2,1,,"Halo PCB, ring D200/D160, 1L aluminium MCPCB 1.5 mm, white mask, ENIG",PCB fab (e.g. JLCPCB),eclipse-halo,,,2.5,2.5,gerbers via KiCad
Mechanical,M1,1,,"Base shell, D150 x 22","6061-T6, CNC turned+milled, bead blast, graphite anodise",ECL-M-001,,,9.0,9.0,
Mechanical,M2,1,,"Base weight disc, D137 x 7 (~0.8 kg)","S235 steel, laser cut, zinc plated",ECL-M-002,,,2.2,2.2,
Mechanical,M3,1,,"Bottom cover, D137 x 1.2","5052 aluminium, laser cut, anodise",ECL-M-003,,,1.2,1.2,
Mechanical,M4,1,,"Foot ring, D146/D122 x 1","Cork/rubber composite, die cut, PSA backed",ECL-M-004,,,0.3,0.3,
Mechanical,M5,1,,"Touch window, D52 x 3","Soda-lime glass, satin etch top, screen-printed ring",ECL-M-005,,,1.6,1.6,
Mechanical,M6,1,,"Stem, 12 x 2 tube, 340 mm + R90 bend","6063 tube, CNC bent, brass-tone PVD",ECL-M-006,,,3.5,3.5,
Mechanical,M7,1,,Hinge yoke,"6061 CNC, graphite anodise",ECL-M-007,,,2.2,2.2,
Mechanical,M8,1,,"Friction knob, knurled D18","C360 brass, CNC, clear lacquer",ECL-M-008,,,1.8,1.8,
Mechanical,M9,1,,"Halo housing, D212/D148 x 14 + knuckle","ADC12 die-cast + CNC, graphite anodise-look powder",ECL-M-009,,,6.5,6.5,
Mechanical,M10,1,,"Diffuser ring, D208/D152 x 2","Opal PMMA (55 % T), laser cut, polished edge",ECL-M-010,,,0.9,0.9,
Mechanical,M11,1,,"Thermal pad ring, D200/D160 x 0.5","Silicone gap pad 1.5 W/mK, die cut",ECL-M-011,,,0.6,0.6,
Mechanical,M12,1,,"Harness, 10 x AWG28, 520 mm, JST PH 1:1","PHR-10 housings, SPH-002T crimps, PTFE wire",ECL-W-001,,,0.8,0.8,
Mechanical,F1,3,,"Screw M3 x 6, pan head (core PCB)",A2 stainless,ISO 14583,,,0.02,0.06,
Mechanical,F2,4,,"Screw M2.5 x 5, pan head (halo PCB)",A2 stainless,ISO 14583,,,0.02,0.08,
Mechanical,F3,1,,"Set screw M4 x 4, cup point (stem)",A2 stainless,ISO 4029,,,0.02,0.02,
Mechanical,F4,1,,Shoulder screw D4 x 16 + M3 (hinge pin),A2 stainless,ISO 7379,,,0.25,0.25,
Mechanical,F5,2,,Wave washer D4.2 (hinge friction),Spring steel,DIN 137B,,,0.04,0.08,
Mechanical,F6,4,,"Screw M2 x 4, countersunk (bottom cover)",A2 stainless,ISO 10642,,,0.02,0.08,
