Ref,Val,Package,PosX,PosY,Rot,Side
"D1","LEAF","LED_0402_1005Metric",111.778210,-102.345851,122.333333,top
"D2","LEAF","LED_0402_1005Metric",118.494758,-98.809439,-129.000000,top
"D3","LEAF","LED_0402_1005Metric",120.988668,-98.983830,-129.000000,top
"D4","LEAF","LED_0402_1005Metric",125.649274,-103.341153,119.666667,top
"D5","LEAF","LED_0402_1005Metric",129.631957,-103.712953,119.666667,top
"D6","LEAF","LED_0402_1005Metric",135.504417,-100.453911,-131.666667,top
"D7","LEAF","LED_0402_1005Metric",137.034425,-104.591440,118.333333,top
"D8","LEAF","LED_0402_1005Metric",145.446402,-101.820314,-133.000000,top
"D9","LEAF","LED_0402_1005Metric",111.051638,-95.889124,-93.000000,top
"D10","LEAF","LED_0402_1005Metric",115.673760,-97.735024,155.333333,top
"D11","LEAF","LED_0402_1005Metric",116.375460,-92.883603,-96.333333,top
"D12","LEAF","LED_0402_1005Metric",123.112892,-94.016580,150.333333,top
"D13","LEAF","LED_0402_1005Metric",117.525384,-105.169295,86.333333,top
"D14","LEAF","LED_0402_1005Metric",122.336495,-103.864814,-162.000000,top
"D15","LEAF","LED_0402_1005Metric",122.551372,-108.748548,91.333333,top
"D16","LEAF","LED_0402_1005Metric",128.478303,-107.843736,-157.000000,top
"D17","LEAF","LED_0402_1005Metric",127.222540,-97.056089,-95.666667,top
"D18","LEAF","LED_0402_1005Metric",131.741266,-99.215120,151.000000,top
"D19","LEAF","LED_0402_1005Metric",132.801343,-94.417423,-100.666667,top
"D20","LEAF","LED_0402_1005Metric",136.676877,-97.086671,147.666667,top
"J1","ROOT","SprigRoot",100.000000,-100.000000,0.000000,top
