id,name,design_status,outline_width_mm,outline_height_mm,board_parts_usd,complete_subsystem_usd,price_status,erc_status,drc_status,unconnected,parity_status,bench_status,constraint_failures
01,Integrated main hub ignition and GPS,onboard_gnss_ignition_unrouted_layout_draft,101.6,76.2,50.97_partial,,cap_raised_total_unverified,0_errors_7_legacy_warnings,fail_1_library_warning,499,pass_zero,not_tested,Full BOM unpriced; on-board GNSS RF/ignition-noise unqualified; 1017506 stock conflicting; T101/T102/obsolete IGBT blockers; 249 electronics parked outside outline; 499 unrouted connections; coil and automotive validation outstanding
02,Vehicle supply and charging,routed_bench_prototype,50.8,50.8,22.18,22.18,pass_qty1,pass_zero,pass_zero,0,pass_zero,not_tested,Bench electrical limits only; physical threshold and transient validation pending
03,GNSS separate RF test prototype,routed_test_coupon_not_installed,50.8,50.8,20.49,20.49,pass_qty1,pass_zero,pass_zero,0,pass_zero,not_tested,Installed GNSS moved to central hub Board01; this 2x2 board is only an RF comparison prototype; antenna sensitivity and vehicle behavior unverified
04,IMU and vibration,routed_engineering_prototype,50.8,50.8,11.87,11.87,pass_qty1_parts_only,pass_zero,pass_zero,0,pass_zero,not_tested,Five-way J1 matches hub J403; physical vibration/ESD/vehicle tests absent
05,Wireless leaf platform,revB_placement_unrouted,50.8,50.8,15.62_quoted_partial,,full_bom_unquoted_cap_unproven,pass_zero,placement_zero,88,pass_zero,not_tested,Protected cell with bonded NTC unsourced; 27 unquoted BOM lines; chip antenna RF and battery safety unqualified; 88 unrouted connections
06,RPM crank observation,routed_observer_only,50.8,50.8,7.31,34.42_lower_bound,fail_subsystem_lower_bound,pass_zero,pass_zero,0,pass_zero,not_tested,Observer is positive Hall/logic only; leaf integration and negative/VR input absent; selected leaf lower bound alone exceeds total cap; bench/vehicle untested
07,Wheel speed,routed_observer_only,50.8,50.8,8.90,38.04_lower_bound,fail_subsystem_lower_bound,pass_zero,pass_zero,0,pass_zero,not_tested,Wheel sensor/leaf subsystem exceeds cap; magnet/harness/unquoted leaf parts remain; bench/vehicle untested
08,Engine temperature,routed_conditioner_complete_subsystem_cost_fail,50.8,50.8,8.51,27.67_lower_bound,fail_complete_subsystem_lower_bound,pass_zero,pass_zero,0,pass_zero,not_tested,Board plus PANR103395 probe is $12.05; required Board05 quoted partial raises known lower bound to $27.67 before unpriced leaf parts; calibration and vehicle tests absent
09,Brake pressure,routed_interface_complete_subsystem_cost_fail,50.8,50.8,14.60,153.42_lower_bound,fail_complete_subsystem_lower_bound,pass_zero,pass_zero,0,pass_zero,not_tested,Traceable 2000 psi transducer is $123.20; hydraulic port/fluid compatibility and motorcycle installation remain unqualified; required leaf is only partially priced; no bench pressure or vehicle tests
10,Throttle position,routed_observer_complete_subsystem_cost_fail,50.8,50.8,9.66,25.28_lower_bound,fail_complete_subsystem_lower_bound,pass_zero,pass_zero,0,pass_zero,not_tested,Existing TPS signal/return and loading permission unverified; required leaf quoted partial raises known lower bound to $25.28 before unpriced leaf parts; bench/vehicle tests absent
11,Suspension travel,routed_hall_sensor_complete_subsystem_cost_fail,50.8,50.8,8.69,25.95_lower_bound,fail_complete_subsystem_lower_bound,pass_zero,pass_zero,0,pass_zero,not_tested,Magnet path and mechanical retention unqualified; leaf rail must remain at least 3.0 V; required leaf is only partially priced; magnetic calibration and vehicle tests absent
12,Fuel level,planned,50.8,50.8,,,unverified,unverified,unverified,,unverified,not_tested,
13,TPMS integration,planned,50.8,50.8,,,unverified,unverified,unverified,,unverified,not_tested,
14,Haptic grip,planned,50.8,50.8,,,unverified,unverified,unverified,,unverified,not_tested,
15,Front lighting and horn,planned,50.8,50.8,,,unverified,unverified,unverified,,unverified,not_tested,
16,Rear lighting,planned,50.8,50.8,,,unverified,unverified,unverified,,unverified,not_tested,
17,Display interface,routed_interface_external_display_hold,50.8,50.8,12.32,30.72_lower_bound,fail_complete_subsystem_lower_bound,pass_zero,pass_zero,0,pass_zero,not_tested,Selected Nextion $18.40 plus board $12.32 exceeds cap; separate qualified 5V/500mA source needed; hub display UART contract and vehicle checks open
18,Universal expansion,planned,50.8,50.8,,,unverified,unverified,unverified,,unverified,not_tested,
19,Radar advisory interface,planned,50.8,50.8,,,unverified,unverified,unverified,,unverified,not_tested,
